body,subreddit,moderated
This isn't public at all. ,gonewild,1
"You could wear a burlap sack for all I care, you're fine AF.",gonewild,1
[All I could think about](http://forgifs.com/gallery/d/197549-2/Dirty-bus-seat.gif),gonewild,1
"Well, we could watch a movie at the same time. You could have handfuls of boobs and skittles :)",gonewild,1
I think Incan see why it's his favorite. ,gonewild,1
Pretty fucking flexible,gonewild,1
Certified HOT HOT HOT,gonewild,1
It's beautiful.  Oddly enough I have a heart on too. üçÜ,gonewild,1
I can tell you're gorgeous just from these tease pics. ,gonewild,1
On my cock,gonewild,1
Thats a dude,gonewild,1
"Yum, would love to suck those for you
",gonewild,1
It will be for 1 hour ,gonewild,1
That gape!,gonewild,1
Sure wish that was my cock!,gonewild,1
"awww, you're too beautiful to be shy",gonewild,1
I'd squirt on em.,gonewild,1
I definitely would love to eat your cookie! ,gonewild,1
:),gonewild,1
"I don't know, you tell me.",gonewild,1
Wow gorgeous,gonewild,1
All of the sweet messages I get! Someone even offered to buy me a toy! I've never owned a vibrator before... :3 kind of embarrassing,gonewild,1
naturally you should!,gonewild,1
so disgusting,gonewild,1
First with my tongue and then cock ,gonewild,1
ty dear!,gonewild,1
Certified delicious!,gonewild,1
Care for a second glazing?,gonewild,1
Oky fill me up a bucket of water and I'll give it a go.,gonewild,1
Please start posting at /r/ghostnipples ,gonewild,1
Haha thanks! ,gonewild,1
Every times somebody say [booty](https://www.youtube.com/watch?v=GbdflriheIM).,gonewild,1
Kik me; pleazureu62,gonewild,1
I think so too,gonewild,1
I am. where r u in wisc?,gonewild,1
[‚ï•Ôπè‚ï•](https://67.media.tumblr.com/d83156ceb0693bca9f05f71223c4e584/tumblr_o765u8M97W1vu768lo1_500.gif),gonewild,1
Mother Sucker you're sexy!,gonewild,1
That's not the only thing that is perfect,gonewild,1
Agreed! X10,gonewild,1
What did we miss out on? ,gonewild,1
You have the cutest arrangement of freckles I think I've ever seen.,gonewild,1
I have a title for you.  Sweet gorgeous and delicious,gonewild,1
hey...are you indian?...wanna kik?,gonewild,1
As you wish....,gonewild,1
üòòüòò,gonewild,1
a lot of ugly pussies in there tbh.  Yours is spectacular.,gonewild,1
"Hoes everywhere 

*<¬¶^ ] ",gonewild,1
"i didn't think id like nipple piercings, but wow you changed my mind",gonewild,1
"Please gender tag your posts (example -- [f], [m], [?] or [cd] -- rule #6 in the r/gonewild sidebar). Untagged posts generate reports and get filtered - titles cannot be edited so it is best to delete and resubmit. Danka

If you have problems reposting a valid picture try verifying your email address with reddit at https://www.reddit.com/prefs/update/ ",gonewild,1
"Please remember to gender-tag ([f], [m], [?] or [cd]) your posts (rule #6 in the sidebar). We can't add a tag afterwards - please delete and resubmit. Danka

If you have problems reposting a valid picture try verifying your email address with reddit at https://www.reddit.com/prefs/update/ ",gonewild,1
Kiks johndoeboy716,gonewild,1
I could fill it more ,gonewild,1
Wish that ass view was mine while you mount me ;),gonewild,1
I'd hit it ;),gonewild,1
Big Shiny Gender tag anyone? Read the fucking rules before posting.,gonewild,1
Thank you!(:,gonewild,1
"Jesus christ, those legs are so beautiful !!!",gonewild,1
"Hello! I have the video info! 
Just wanted to let you know the video is over 2 minutes.
*$25 for one video
*$40 for two videos

If interested please send the payment to-

Adumond@riverfrontmediaproductions.com

AND please be sure to check ""send to friends and family!!""

Thank You for your interest!! <3",gonewild,1
gorgeous tits m'lady,gonewild,1
156cm of heaven <3 ,gonewild,1
"Your ass, my tongue...for hours!
",gonewild,1
Sweet!  You ever had a tongue bath? :P,gonewild,1
http://youtu.be/jvTpEoi0tzE,gonewild,1
OK yes that angle looks great... But... I want to complement the photographer cause those are nicely shot.üëå,gonewild,1
"That's probably a psychological issue you should have checked out. There's a name for it, but I don't remember what.",gonewild,1
I'm pretty sure the mods will make you repost with nudity in your verification post. Just a fair warning since I've seen it said many many times.,gonewild,1
We were just posting for fun.. don't care to go through the verified stuff.. and i kinda thought the title would indicate a guy and girl. ,gonewild,1
Love to see that in person ;),gonewild,1
anything for the queen,gonewild,1
Does he have an ass plug in while fucking u? ,gonewild,1
you have one of the greatest sets of nipples I have ever seen.,gonewild,1
Simply beautiful. The smile and the tits ;),gonewild,1
Amazingly beautiful ,gonewild,1
r/gonewildplus,gonewild,1
this is PM,gonewild,1
That IS a cum shot!  Amazing. Thanks for sharing!,gonewild,1
Yes that is the best. So much you can do when posed like that.,gonewild,1
This is what TAs are for?,gonewild,1
mouth ,gonewild,1
"Corporal punishment doesn't work.

https://www.psychologytoday.com/blog/feeling-our-way/201401/punishment-doesnt-work",gonewild,1
Absolutely gorgeous,gonewild,1
"
[I dont like it ! I love it !](http://www.gobrickhome.us/best-ph0t0s-ktty-prry-must-want-ee-1-5/)
",gonewild,1
"I don't think you understand how reddit works, sweetie. If you post a photo on reddit, other people can look at it and make comments on it. In fact, that's *exactly* what reddit is designed for. If you don't want negative comments on your asshole, don't post it online. ",gonewild,1
Artsy! Love the reflection...Pretty cold there?,gonewild,1
Me right now: http://www.youthareawesome.com/wp-content/uploads/2012/06/I-Volunteer.jpg,gonewild,1
Sure I'll help out of those clothes and into bed ,gonewild,1
Would love to hear you on [/r/gonewildaudio](http://www.reddit.com/r/gonewildaudio). You are very beautiful!  Please keep sharing! ,gonewild,1
http://writingworkshops14.files.wordpress.com/2014/04/2.gif,gonewild,1
"of course..

.. you post on reddit, where you a legion of humans worshiping that delicious body :P",gonewild,1
Wish I was a fly on the wall for that show. Dayum!,gonewild,1
holy crap its like a forest,gonewild,1
I like those piercings! And you're going commando? You might be up to some trouble...,gonewild,1
Mouth watering delicious perfection!,gonewild,1
"Please remember to gender-tag ([f], [m], [?] or [cd]) your posts (rule #6 in the sidebar). Untagged posts get auto-filtered, so you should delete and resubmit. Cheers

If you have problems reposting a valid picture try verifying your email address with reddit at https://www.reddit.com/prefs/update/ ",gonewild,1
Whoa! Those are really low prices for cheap undies! How do you like them? Have you tried their bras?,gonewild,1
"Help me fund them, and I promise you'll see them!",gonewild,1
"Your post has been rated: **8.5/10**

*Curious why you got this score?  Send this account a message with a link to the picture and I'll tell you.*",gonewild,1
Beautiful  cute and gorgeous;),gonewild,1
That rear pussy üòçüòç,gonewild,1
Save A-ko 2k16. ,gonewild,1
woow nice body i love it !!,gonewild,1
"It blatant, but I would love to fuck that ass!",gonewild,1
nah,gonewild,1
I'd like to vote to see more. ,gonewild,1
Holy hell you are gorgeous!,gonewild,1
"https://scontent-iad3-1.xx.fbcdn.net/v/t1.0-9/fr/cp0/e15/q65/1933880_991688814234862_9005824741402741566_n.jpg?efg=eyJpIjoidCJ9&oh=154bdcc48a2e312b49f99d9f62a81f26&oe=579D2510


Not spam. It's a picture that says ""feed me and tell me I'm pretty.""  I had just saw it when flipping over to gw. Coincidence. .... I think not. Have a great day gorgeous!!",gonewild,1
"Hey, you finished that photo set too soon. Don't leave me hanging!",gonewild,1
Above an 8? Nope,gonewild,1
I adore your collar! :3,gonewild,1
Yes pls,gonewild,1
"GOD DAMN those thighs and that ass! I want to die from suffocation between those cheeks, be revived to suffocate again between those thighs!! [Holy shit!](http://gph.is/1qVcH0w)",gonewild,1
Amazing girl. PM me if you wana talk dirty,gonewild,1
[I got what you need.]( https://imgflip.com/readImage?iid=16884232),gonewild,1
What i would give to give you my seed,gonewild,1
"What snuck out? What are we talking about here? This subreddit is for posting nudes, can you please not post blank pictures! Thanks ",gonewild,1
That is one gorgeous looking pussy! üëÖ,gonewild,1
You should come play on kik. I'll show you how that little might shirt drives me crazy. Would love to see more of that perfect body. Privateentry. ,gonewild,1
"Does your ""wife"" know you are posting these?",gonewild,1
Nice and big... Just the way I like them. ,gonewild,1
Not even a chance.,gonewild,1
Can you take my dick in your tight pussy? ,gonewild,1
"I hate to break it to you all, but this is a repost.

[Proof](https://www.google.co.uk/search?tbs=sbi:AMhZZisNvNq7NQ797VJvcNuFODLaMGtntRsDRqIZmXH-Ug8R7WSuezjC6L4s7tkF5JO3Phufa0pS3xVNv4m4V-IMs_1oTpuPUhiXpmzEmBFBdNbx_1SKvxRJjnorAFH5xx60dwp2YpWy7icD0wWaSqycSveb-_1LbCWYZavwt-ORnfMPnN-zj7p11gVMYSqGYHKGMm6lAVEsFc8Tlg_1mYxmCqRcKMGqWbX8Je85tftr7DhJ5fhtOf-WEvBZqG5Kq58B6wjL7kywLYLWCrxxJAGIXZuyQzsOXetNGffdKjgtl0EJ0BC1qpOCgfa5-mFfAscg3HMXgKeRWxOQBXDBwyRvqw8KtK4lBnsMKOTGENIbvoAl-woqp-0lUqkpT7I70WjDOYSuAUlanumS55F_1s9siLCQGMr6MqeNfYMiqfklHsDFd6sQgiVCf6HT1Sh_1NTf3kO0LU2O7Jk-ZTODmSXIHXfxGqFlcWTf4lp3TcPn3qzuI6fufrL64O_1bxbdwkNXzG4W4E7uajuVbr98dVsLM_126bqvL6itrstgX1zR4D_1dDq6RFLWgktLyRfGBNWshdVer9dxMKzksujXLH49N-j-j_1ejwUVQZxKHQEksYn8UhzN7bTMTKx4TeNOe22rLfEvs4NLbD-uJBo7Vzh0FQ_1HsSxO8CwlQi3hk9HaiC3BTO80Y3kcxzv2lAgN6vSmBy32XzKu3b3bdjI-UxqByjIzLli9YNArassy8JpxZvzb-hmyA7VMHvJiKAx4TLtHs8nkeCmk6vTzhOTcxkRRtQ1lzNjeM0AZkS3-If63BAChoqYpiy_12dzxuY03aZkvrmUqO5LpHZ-sgRUr2fnuLysyImepQ56Osx1LXcRRs2dR2xYXyYYO7lb0HMwzcW0uUSsQB0OEpGnxwaMPrrhr-HMqa6cs499ko5DvJ0V0s3fXmwmvmDdy0DGdx6gwVkSUPk4esPTQSS5dQkrKTxaDG76fdMBk2itmEL-IK2bOsjSzXvWa7ybHCAEsyEyY3hIZgu4ivMdNRGLWYTAnrxcX5Q3vDci3D7Gige9yiaMvsvLNWnw4fAODA5VSeST3wTW7sD7s-ZSfV45r4V9TBkZDED8Ftjhs2YVgffZv4XE4kofOOhITi-SWi28sNevzkXjgQ6DCEF2yV-7yiehXKPsS6nxqiBn1SvBe5hNweaKhG4OPwwEQG0lDBClxLko0SGRvR2xhx-HtEbSj4UwCvCUpWD6_10i6KfkBydC9rO2DQ09LBr4DE-WCb5A7a9u8AYl8E5BCc3K-B1dRdmS2pstCUZPb4m6es4AHKHLiXfqyyCanmz3H_1BXsu7qLtWCTTYD7ON82Qf1xENhQ5mYnsm-A-AqdphcAWgRfh6s0PtsNCAyZcw_1AtLvu0woEKFPnvSSzz3M3oc9hj3KJkB_1UlitSy4Awf-ESb-_1J_1hw1RmBcOnwQruy2GCbhxT8iJbM0nw_10TEzDGW9u9tv8MzRAs1a-vnK59JA9L3eFCH4CZEDCkQhqj9ImE8ReCpUZ4626he4Is5K9UAyATH3a3rZm8CW1RhMXs5UXbOqK7vzYvah-d9mNY1OmPQzS2sOhDX0PqYI_1uzRORClyWZRnOGJx3l0y)

How I know:

The account sent me a message:

https://imgur.com/jAZhslg.jpg

Well for one, I had recently posted pics to some fitness subreddits, but on the other hand, I know to be skeptical of compliments over the Internet.",gonewild,1
http://24.media.tumblr.com/tumblr_lvy0dkoLWa1r5cbu6o1_500.gif,gonewild,1
Ahan Next post will be your Fvrt,gonewild,1
I would love to give you my opinion next time. Your man is lucky. ,gonewild,1
Mother of god!,gonewild,1
more here - http://imgur.com/a/JJ6r3,gonewild,1
Perfect view and position,gonewild,1
Yes,gonewild,1
Either way works ,gonewild,1
Depends. Do you like girls?,gonewild,1
Really can't blame ya,gonewild,1
"Yes, very much! üòç",gonewild,1
Sweet gorgeous perfection,gonewild,1
Those two words are my weakness.,gonewild,1
Ain't showing up here either ,gonewild,1
Nice aim,gonewild,1
I really hate Hobby Lobby. I can't believe anyone would want to shop there. But after looking at your photos. I totally want to visit Hobby Lobby and loiter in the aisles.,gonewild,1
All 3??,gonewild,1
That lip-bite should be registered as a deadly weapon.,gonewild,1
Lucky toy,gonewild,1
I'll have seconds please,gonewild,1
I agree ;),gonewild,1
"Pm for pm? 
http://imgur.com/u3VA6zr
Your absolutely beautiful  ",gonewild,1
üî•üî•üî•üî•üî•,gonewild,1
http://imgur.com/lTOU7Ke,gonewild,1
Those curves are incredible üòµüòµ,gonewild,1
"Yum, hold it just like that while I lick it",gonewild,1
I have a warm mouth,gonewild,1
Perhaps. We'll see as this is my first post.,gonewild,1
"Your last pic broke me up, need heal!",gonewild,1
"[Rock that dad bod](https://youtu.be/5E5hpURyMbY) 

Yes, I see the irony in posting a video from a church on this sub.. but it's pretty funny/cringey! ",gonewild,1
"Hi fellas! I hope you enjoy! <3 There is much, much more on my subreddit!

/r/Peach_e_Keen",gonewild,1
Yea actually!,gonewild,1
"She was like any other girl, only more so...

http://thoughtcatalog.com/emily-oconnell/2015/07/im-not-like-other-girls-because-other-girls-dont-exist/
",gonewild,1
Sure kik me: Gizmoneil ,gonewild,1
Don't listen to haters. Classy of classy.,gonewild,1
"713-297-1267
231-676-1176",gonewild,1
Hot body ,gonewild,1
You've always got me up! Thanks again for fulfilling my request earlier sweet cheeks üòâ ,gonewild,1
password?,gonewild,1
...Can I get a kiss too pleasee?,gonewild,1
So you are into Child porn? Because that girl on the picture is not more than 16 years old... ,gonewild,1
"quickly install Snapchat right now haha

",gonewild,1
WANT,gonewild,1
Glad this showed up twice now!,gonewild,1
I think this post is straight up the first time I've ever seen your teeth. ,gonewild,1
I think I can help you a bit,gonewild,1
"If you guys want more exclusive content, visit my subreddit, /r/Shakespeareangirlf",gonewild,1
Room for a lil bit of me?,gonewild,1
Absofuckinglutly mouth watering delicious!,gonewild,1
"Smiles the hottest part of the pic, even with that soaked puss",gonewild,1
Snapchat? ,gonewild,1
sure you got it what kind?  As long as you keep showing that ass of yours.,gonewild,1
And a gorgeous reflection,gonewild,1
Shit idk. She took her post down though. Kinda funny if you think about it. Put up all those post of you finger banging yourself and can't take some lite trolling.,gonewild,1
dibs,gonewild,1
mmm so sexy ;),gonewild,1
I would love to until I play with your sweet hairy pussy,gonewild,1
That would include me. ,gonewild,1
You definitely have us horny all times of the day!,gonewild,1
Only to heighten your pleasure,gonewild,1
A nice cock.  See my previous post,gonewild,1
Just simply stunning,gonewild,1
Mmm ;),gonewild,1
One of the nicest pussys I've seen,gonewild,1
Your call ;),gonewild,1
I'm sure you'll be seeing it soon ;),gonewild,1
"I wouldn't. I could find better things to spend $20,000 on than superficial things like fake tits and a tummy tuck.

Perhaps a college fund for one of my 3 children? Or a really memorable family vacation?",gonewild,1
New Zealand and you've just cut the rest of the flag off? Or the beautiful green and pleasant land of my fathers,gonewild,1
Hey all. Was bored and made a website for YogaPants. I would like your feedback on what I should add to it. http://www.yogafap.com/,gonewild,1
http://i.imgur.com/0A9VP9L.png,gonewild,1
The cigarette ruined it. ,gonewild,1
"Oh no, this is just a few pics from last night. We have some other post from then to(:",gonewild,1
You do it quite well. You might also check out /r/schoolgirlsgonewild,gonewild,1
You have those gd hips.,gonewild,1
I would love to dump as many loads in you as i could. Need to see more ass because thats where i would unload in you,gonewild,1
Lol fatty,gonewild,1
"Damn, wish I was him. Any way for me to see some more, üòú",gonewild,1
"I would nerf that so hard, there would be no Emergency Escape from my Ult",gonewild,1
Thanks!,gonewild,1
Hot and sexy pics. You always bare down there?,gonewild,1
Never let a relationship come between us again! ,gonewild,1
"Love the last part. 
",gonewild,1
Holy fucking shit.,gonewild,1
sure!,gonewild,1
Can my üçÜ üí¶ all over them?,gonewild,1
I would love to pull it out with my teeth!,gonewild,1
1,gonewild,1
"Please
Write 
Me
",gonewild,1
Stay in bed and get hornyüí¶,gonewild,1
"I'd love to! Hard, deep, and all day long sound good to you? ;)",gonewild,1
PM your kik,gonewild,1
God fucking abuse me. I'd love that ,gonewild,1
I'll tug on yours if you tug on mine üòÅ,gonewild,1
Wow... are you on snapchat?,gonewild,1
nah,gonewild,1
You definitely make it look good ,gonewild,1
wow,gonewild,1
I bet you are just as sweet!,gonewild,1
More like full palm it then fuck it ,gonewild,1
[would love to see more stuff of her](http://www.oilflush.life/2017/01/26/1/),gonewild,1
I want you to spread them legs and let me eat that pussy,gonewild,1
"I am interested. I love to subscribe to your snapchat too,  if that's ever becomes an option. Thanks. :) 
",gonewild,1
That tight little asshole of course ,gonewild,1
Thx all for your comments! :) I'm glad you like it ,gonewild,1
"[It's getting HOT in here](http://66.media.tumblr.com/bf11f967f32f93500e6d5168d40d8b21/tumblr_mvp31gkDMe1rtbisno3_r1_250.gif), the dragon said. Less polygon than the original but quite as hot.",gonewild,1
"please post more of that beautiful face ! <3
",gonewild,1
Don't ever stop! üòç,gonewild,1
"Hello! I have the video info! 
Just wanted to let you know the video is over 2 minutes.
*$25 for one video
*$40 for two videos

If interested please send the payment to-

Adumond@riverfrontmediaproductions.com

AND please be sure to check ""send to friends and family!!""

Thank You for your interest!! <3",gonewild,1
All 3 would make me three time more happier... :),gonewild,1
Hello my lovely? How are you?,gonewild,1
Good morning to you as well from south of the border!,gonewild,1
[Me too](https://i.reddituploads.com/748e3ed25aa14b69a5c83e8c4d0fc9b0?fit=max&h=1536&w=1536&s=e789cad9c88520a4a8987003e58b581e),gonewild,1
Omg I must be strong and sexy XD,gonewild,1
‚ù§üçë,gonewild,1
What's it like to have such a great body to play with??,gonewild,1
Nah,gonewild,1
Stunning,gonewild,1
"Wow, would kill to hear a audio of that!",gonewild,1
"Honestly just about every part. Look closely at it, it has a really weird look to it Cuz she has assisted a bunch of shit. Look at her old pics, some of the recent ones are crazy obvious. She almost looks like a cartoon in some of them. Look at her nips in this picture, i mean it's a weak example i guess but they literally look like they were cut n pasted there from someone else's picture or something. Maybe she used Photoshop to reduce the size cuz she's self conscious I'm not sure but just take a good look at the picture n them look at other pictures, it doesn't look even remotely natural",gonewild,1
I think I saw you at the library. ,gonewild,1
INCREDIBLE.,gonewild,1
one day she will booty spread.....one day....,gonewild,1
My dick would be honored,gonewild,1
"Love love love!
",gonewild,1
Are you in Omaha?,gonewild,1
Nope! Never even been to Pennsylvania.,gonewild,1
Mouth watering delicious perfection!,gonewild,1
"I'm here...Buffalo, one night only for work. ",gonewild,1
Amazing pussy! So damn hot!,gonewild,1
OoOo..,gonewild,1
Foxy! ,gonewild,1
I would not complain if I got snowed in for a few days with you...,gonewild,1
Those smelly holes need to be covered in cum,gonewild,1
Perfect view and position of perfection!,gonewild,1
Fucking gorgeous ‚ù§Ô∏è‚ù§Ô∏ècheck kik?,gonewild,1
"That sounds really hot, actually;)",gonewild,1
It's like your areola got sunburnt,gonewild,1
thank u so much!,gonewild,1
Am I not allowed to get people's opinions on my body didn't ask for weight classification ,gonewild,1
My cock could abuse that whole so much better than your fingers. ,gonewild,1
Yes I am ,gonewild,1
Will you show us more of your pussy?,gonewild,1
Fake: http://www.debonairblog.com/blog/2012/10/_twelfth_batch_of_awesome.html,gonewild,1
I want to spank that ass so hard! üëã,gonewild,1
Were you really? What have you written for?,gonewild,1
"Young lady, where have you been?  You have absolutely no reason to feel self-conscience but I would love to work with you. What is it about a beautiful young lady in only open zipped jeans that causes men to get wood?",gonewild,1
I saw your boner. God damn is it small!,gonewild,1
Yes please sexy,gonewild,1
It looks like you wiped your ass with poison ivy.,gonewild,1
Let me finish what u started ,gonewild,1
Pm me and I'll show you;),gonewild,1
Very much so,gonewild,1
Fucking delicious ,gonewild,1
Where were girls like you when i was 18. Make a mans mouth water.,gonewild,1
"Please remember to gender-tag ([f], [m], [?] or [cd]) your posts (rule #6 in the sidebar). Untagged posts generate reports and get filtered - titles cannot be edited so it is best to delete and resubmit. Thanks!

If you have problems reposting a valid picture try verifying your email address with reddit at https://www.reddit.com/prefs/update/ ",gonewild,1
I'll take the compliment! :),gonewild,1
Holy hell...yes more!!!!  Good Lord yes please!,gonewild,1
I can verify you ;),gonewild,1
I've gone naked outside,gonewild,1
That's a tough one. I'd go for whichever made you the wettest ;) although I just love your seductive smirk and lip bite üòàüòõ,gonewild,1
I can hardly remembering being one.,gonewild,1
"
[I like the shape of her](http://www.gobrickhomes.us/best-ph0t0s-ktty-prry-must-want-ee-5-5/)
",gonewild,1
Mission accomplished!  Lovey nips you have my dear. ,gonewild,1
Maybe because your such a shameless cock hungry slut,gonewild,1
How much do you charge? ;),gonewild,1
Damn girl let me get that snapchat name,gonewild,1
Why aren't you fucking them,gonewild,1
"i think the lyrics in this sum it up pretty well:

https://www.youtube.com/watch?v=B97e2XXxKdM",gonewild,1
Pm me,gonewild,1
"You look angry, like you just woke up, and sexy AS FUCK. Unfortunately I see you're probably not in the US.",gonewild,1
I would go everywhere too ;),gonewild,1
"so does my dick. want to trade?
",gonewild,1
R u on kik or skype?,gonewild,1
:) You're welcome!,gonewild,1
You da bomb,gonewild,1
"Handing out treats early, I see. ",gonewild,1
That puckered hole looks like a big bullseye!,gonewild,1
"That sigh going like... ""Okay, let's do this"". That was amazing.",gonewild,1
Gladly,gonewild,1
Mouth watering delicious delight,gonewild,1
Goddamn I'd love to meet your sexy married ass!!!,gonewild,1
Simply devine,gonewild,1
We will do one. In the mean time our Snapchat is ok21154,gonewild,1
"What's your snapchat user name?
",gonewild,1
Verify?,gonewild,1
Still have it? You'd be constantly getting it.,gonewild,1
well..to be honest...lunch was always my favorite..so what's for dinner? ;),gonewild,1
All I see is a basic ass white girl face & body lol. Nothing special. Move along. ,gonewild,1
"Beautiful!  You should post this over at /r/goneerotic too.  I mean, since your such a karma whore. ;)",gonewild,1
Found a nude on the beach ,gonewild,1
"Id love to add you on Kik, I've a few pics of my own ;]",gonewild,1
asshole...good form of birth control ,gonewild,1
Why stop posting your sweet delicious body?,gonewild,1
What about fucking in the little dress?üòõ,gonewild,1
That is temptation hill at best. Mound might be better.,gonewild,1
Such a beauty,gonewild,1
"One showing camel toe in the one-piece from this picture, please. Hope your day is going well so far : )",gonewild,1
"With a body like that in the room, it'd have to be a sinful life, I know I couldn't resist the temptation that is that beautiful body ",gonewild,1
I would fuck you and cover you with a my huge load where ever you want it. https://eroshare.com/7znrfxm5 tell me where you'd want it sweetheart ,gonewild,1
Didnt realize it said male. There a ton of other subs to post this in dude. Your prob going to get picked on for having a pencil fick and your chubby fyi. Just want you toxget positive feedback from good looking women,gonewild,1
They are absolutely spectacular,gonewild,1
Love it! Hope there's a second time :),gonewild,1
32B??,gonewild,1
Whats CD ? What tag should i use? F ?,gonewild,1
Daaaaaamn... so hot! Gorgeous! Amazing tits and beautiful pussy!,gonewild,1
That is one hot pussy!,gonewild,1
I mean...damn,gonewild,1
Just not with anyone who isn't her husband ;),gonewild,1
Gorgeous,gonewild,1
"HELLO DEAR I SEE U ARE USING THE SHEETS AND LINENS I GOT U FOR YOUR BIRTHDAY THATS MY GIRL

-XOXO GRAN",gonewild,1
Fucking fantASStic!,gonewild,1
I would love to eat you out!,gonewild,1
Hope it's not your last!,gonewild,1
Gorgeous,gonewild,1
"VISIT US OFTEN, PLEASE!  YOU HAVE A BEAUTIFUL BODY. CHEERS!",gonewild,1
"hey, hey,
I dare to post here for the first time. be gentle and tell me what you think ...
thanks
fiver",gonewild,1
I bet your farts smell amazing as hell,gonewild,1
Clean your house,gonewild,1
"Thank you, I like to think so, she's definitely the one",gonewild,1
https://youtu.be/nTCAu14N_WM ‚¨Ö This. This is me on gw. Lol. ,gonewild,1
Either would do just fine !,gonewild,1
To love getting fucked in the ass ,gonewild,1
Delicious ,gonewild,1
"Destroy you!
",gonewild,1
Hell yea,gonewild,1
Would they like a lick as well?,gonewild,1
Do you have Kik ? Pm me ,gonewild,1
First my tongue and then cock!,gonewild,1
Not at all!,gonewild,1
That's always a good thing! ,gonewild,1
Sexy AND smart? (username) What more could a guy ask for??,gonewild,1
ü§òüèΩ,gonewild,1
Damn baby wanna snapchat?,gonewild,1
Happy Cake Day gorgeous ,gonewild,1
Thank you!,gonewild,1
What a fine morning it would be to wake up next to you,gonewild,1
YUMMILICIOUS,gonewild,1
I'd love to see more. Got a snapchat?,gonewild,1
no,gonewild,1
I like Arby's too. ,gonewild,1
Ur very beautiful and I'm a white male 30 do u have kik,gonewild,1
only if you are lucky :P,gonewild,1
"You start very strong, pretty eyes, good body, beautiful lips ...",gonewild,1
Tits üçí,gonewild,1
Hard to ignore gorgeous perfection,gonewild,1
Simply stunning,gonewild,1
http://giphy.com/gifs/saturday-night-live-jim-carrey-snl40-344jgRBhEgMaQ,gonewild,1
"Come sit on me 
https://i.imgur.com/0WV6UoV.jpg",gonewild,1
"ok, lets go ;) kik or snapchat?",gonewild,1
Pure gorgeous perfection ,gonewild,1
No thanks!,gonewild,1
As a [26M] you are way hotter now then you were when you were younger and you're only gunna get hotter. Your sexy af,gonewild,1
Gorgeous view,gonewild,1
Gorgeous,gonewild,1
Amazingly beautiful and incredibly sexy lady ,gonewild,1
"Prof Swampie needs to have you come to after school tutoring at his apartment; so you can work on your F- grade, and see how hard you want to raise it to a C.",gonewild,1
I would love to turn you into my personal little cum slut fuck toy. ,gonewild,1
Whore,gonewild,1
I want your mouth sucking on my breast.,gonewild,1
Gorgeous,gonewild,1
"Very nice! You've got such a tight, sweet body :)",gonewild,1
"I think he got arrested for peeing on a little girls bike....No just kidding, it was a little boys bike",gonewild,1
"I probably live no where near you, but we could chat on kik. I've got a few posts up if they interest you.",gonewild,1
Mmmhmm! I can definitely work with that!,gonewild,1
Thank you! ‚ò∫Ô∏è,gonewild,1
Link in comments for more,gonewild,1
Damn those are some awesome pants,gonewild,1
I'd like you to wear stockings while I use you.,gonewild,1
"Show u my hard luv!
Kik me at pleazureu62",gonewild,1
Kik - nicoledrianxoxo,gonewild,1
Can I Play ? Like to lick from the top down ;),gonewild,1
Still leaves a lot of room for speculation. The DSM-5 is hundreds of pages,gonewild,1
I'll up vote that every time. ,gonewild,1
Delicious!,gonewild,1
Love to find out ;),gonewild,1
Yeah its nice and hairy :) x,gonewild,1
Your tits look amazing in that shot. Would definitely motorboat ,gonewild,1
"I love, LOVE, being bitten ;p",gonewild,1
https://imgur.com/gallery/r2yQy,gonewild,1
That would be a pleasure!,gonewild,1
pm'me if you want to snapchat ,gonewild,1
"If your picture isn't edited.   Your left leg is fucked right up. 
And I didn't tell a stranger that their crotch looks like bad photoshop.   I told a stranger their bad photoshop on their crotch looked like bad photoshop.
You defensive response leads me to believe that you have something to hide. 
If you had really read into my response. It wasn't said to be negative.  
It was said to be body positive.
You're incredibly sexy. 
And you're right, lighting can cause some strange effects.   
That's not due to lighting though.",gonewild,1
Do you want a cookie for being a skanky whore? Tell us all about how your father raped you.,gonewild,1
You definitely make it better!,gonewild,1
"Hi fellas! I hope you enjoy! <3 There is much, much more on my subreddit!

/r/Peach_e_Keen",gonewild,1
"Small tits have their charm, I prefer this way, percet size for my mouth and hands :D  hope to see more of you soon girl!",gonewild,1
thank you,gonewild,1
Sexy butt,gonewild,1
Fuck off,gonewild,1
Beautiful! Wowwüòá,gonewild,1
His loss for being a douchebag. You are gorgeous! Very sexy!,gonewild,1
Thanks for being so sweet (:,gonewild,1
God I just wish I could get fucked right,gonewild,1
please verify for more!,gonewild,1
Most versions. Radio versions aren't real songs.,gonewild,1
Gorgeous,gonewild,1
"You forgot to say, ""Sir."" That's a paddlin'!",gonewild,1
"Fucking gross, keep working you nasty bitch.",gonewild,1
I'd be more interested than the cat is. ,gonewild,1
"Pm me to find out what I would do to that ""little"" booty ;)",gonewild,1
Funny thing...looking at you has made me very much ready to pop. ;),gonewild,1
Kitchener,gonewild,1
Mind if I join?,gonewild,1
Reckon i could hit it from here... should i try?,gonewild,1
Lucky daddy,gonewild,1
Added you on kik,gonewild,1
Sluts drink what they're told. ,gonewild,1
I'd like to help you out of those panties for starters ,gonewild,1
Haha good to know!,gonewild,1
Fucking-a those are impressive as hell.  WOW!,gonewild,1
"That clit is a big turn on, would suck it till you moan wet.",gonewild,1
Delicious ,gonewild,1
Stunning ,gonewild,1
Your body is so perfect. I wished you posted more. More of your breasts and feet too.,gonewild,1
If only Trump saw this might change his mind on the ban haha. You look fucking amazing :D,gonewild,1
Does it feel like grinding away on my face? ,gonewild,1
yes :),gonewild,1
Wish I was taking those pics ;),gonewild,1
Itching basic about your beauty! üòç,gonewild,1
Simply stunning,gonewild,1
What state are you in? I'll begin knocking on every dorm room now to find you üòç,gonewild,1
r/Europegonewild ,gonewild,1
Nope. Try r/gonemild,gonewild,1
I'm a girl :0,gonewild,1
aww!! perfect ass!! ,gonewild,1
wow where have u been all my life. add me on snapchat. fly1444,gonewild,1
Total package.,gonewild,1
"Would love a face down, ass up cheek spread!",gonewild,1
"I like it, A LOT :3",gonewild,1
"Please remember to gender-tag ([f], [m], [?] or [cd]) your posts (rule #6 in the sidebar). Untagged posts generate reports and get filtered - titles cannot be edited so it is best to delete and resubmit. Thanks!

If you have problems reposting a valid picture try verifying your email address with reddit at https://www.reddit.com/prefs/update/ ",gonewild,1
I think your resolution is to do anal. And I'll oblige you ,gonewild,1
You are absolutely more than welcome beautiful lady!,gonewild,1
Alright I won't do it again then. First and last post,gonewild,1
Ridiculous.,gonewild,1
lol as long as you are from massachusetts :P,gonewild,1
"Not being discovered per se, but rather the liberating feeling of putting it out there without any specific details as to who I am, where I live, etc. ",gonewild,1
http://popcorn-boxx.tumblr.com/,gonewild,1
Gorgeous! So damn sexy!,gonewild,1
Sweet gorgeous and delicious,gonewild,1
Your toes!üôå,gonewild,1
LIIIICCCCCKK,gonewild,1
For sure!,gonewild,1
Absofuckinglutly gorgeous,gonewild,1
"now that's just not fair. Cause I'd love to, but i can't. now I'm sad :(
",gonewild,1
[would love to see more stuff of her](http://www.modelsusa.life/?p=12),gonewild,1
what does the collar mean? I see every naked girl on the internet wearing that one these days,gonewild,1
"just wow
",gonewild,1
do you share your snapchat?,gonewild,1
"Please remember to gender-tag ([f], [m], [?] or [cd]) your posts (rule #6 in the sidebar). Untagged posts get auto-filtered, so you should delete and resubmit. Danka

If you have problems reposting a valid picture try verifying your email address with reddit at https://www.reddit.com/prefs/update/ ",gonewild,1
"Is that Mia? If so, won't tell anybody;)",gonewild,1
Please play with us do you have a kik https://m.imgur.com/a/JXJIW,gonewild,1
Happy Birthday gorgeous,gonewild,1
I just want the snapchat üòâ,gonewild,1
When you find this 'real' cock make sure you post it ,gonewild,1
"Properly, like you've never managed to do",gonewild,1
They definitely deserve to be free,gonewild,1
Snapchat! ,gonewild,1
"The last thing Murica Rednecks need are crotch fireworks!  :). :) ..... It could get bad. 


And more power to you for bringing skittles into our naked time. Whatever makes you happy :).  But can we please pick out the yellow ones?",gonewild,1
"I hope you realize this is some fat hairy homo that's catfishing you all lol 

https://www.tineye.com/search/1cdf8059f74346d18c6b425418cd6040f8d6239b/",gonewild,1
"You didn't get a single upvote on part one, what makes you think anyone wants this?",gonewild,1
"Red,  I'm still madly in love with you. I love your snatch patch. It looks fantastic!  Your body looks like you may have lost 8-10 lbs. Did you. Thx for sharing Red. Cheers!",gonewild,1
Wow,gonewild,1
Id love to if you had kik,gonewild,1
I wish I were there with you...,gonewild,1
Very sexy! Gorgeous pussy!,gonewild,1
[panties! Glorious panties!] (http://stream1.gifsoup.com/view5/2058342/panties-glorious-panties-o.gif),gonewild,1
No she's not ? Lol look at her other posts. It's just the angle of the photo and the tendons being weird ,gonewild,1
That mouth looks like a wonderful place for a cock,gonewild,1
Interested :),gonewild,1
Sweet gorgeous perfection ,gonewild,1
Looking sexy in that flannel!,gonewild,1
I think I want to shove things up your cunt. I'll start with my tongue.,gonewild,1
I apparently have the wrong friends on snapchat.,gonewild,1
Just pm me how you want it :),gonewild,1
I've got some of my wife,gonewild,1
Agreed. Peeeeefect,gonewild,1
KiK - PulpVictory,gonewild,1
Love your sexy one-piece swimsuit!,gonewild,1
Why would anyone be mean. thanks for the look at what you get to experience. I don't see any part of her that i would not put in my mouth.. (hope that is not to risque),gonewild,0
"What a tease! One of the sexiest pics I've ever seen on here. Love the hair, the freckles are adorably sexy, and the sideboob has me craving more. ",gonewild,0
"Great, When can I dive in ?",gonewild,0
It's finally here!,gonewild,0
Thank you. ,gonewild,0
[removed],gonewild,0
"Very, very nice pussy.",gonewild,0
"Naughty, I love itüçÜ",gonewild,0
Looks like a perfect rod to ride!!,gonewild,0
Whatever may be the reason..THanks for posting..do post more..:),gonewild,0
"Hell no, keep the nighty on...spread your legs and tease",gonewild,0
Could be my wife's twin! Stunning!,gonewild,0
Happy birthday! It's painful waiting to see more of you ! ,gonewild,0
Nice body...firm boobs...,gonewild,0
Oh my. You look so sexy. Allow me to help you with your problem. That okay? ,gonewild,0
"normally i would say with, but without looks way better. ",gonewild,0
I would love to give you all the attention your heart desires.,gonewild,0
[removed],gonewild,0
like where are your ancestors from? Germany anything from Europe? latin America? Africa? ,gonewild,0
http://i.imgur.com/kxWei6m.jpg,gonewild,0
Damn hot,gonewild,0
I'd love to help. Might have to pull on your hair though. ,gonewild,0
"What's rent like in your neighbourhood? Whatever the cost, seems worth it for the view!! ",gonewild,0
Beautiful butt. Yay. ,gonewild,0
"Absolutely gorgeous, would love to Join you ;)",gonewild,0
Spread them cheeks baby!!,gonewild,0
I love to plug my tongue in your ass,gonewild,0
What would you like ?,gonewild,0
"In your case I suggest all days are for being naked, wild &amp; peachy",gonewild,0
"Beautiful body, hot sexy ass too",gonewild,0
[deleted],gonewild,0
"This was a stolen image the last time you posted it, and it still is a stolen image. ",gonewild,0
Very sexy,gonewild,0
thanks :D,gonewild,0
Gorgeous,gonewild,0
Damn! Only a slightly open mouth would've made this better.,gonewild,0
I could stare at that body all day,gonewild,0
Was I in it?,gonewild,0
Bambi looking sexy. ,gonewild,0
"I have the boring guy version of that shirt, lol. Did you get it from the tour they had with Kool and the Gang? It was dope.",gonewild,0
[deleted],gonewild,0
I'll have to post another album showing off my halloween panties when i get them. ,gonewild,0
[deleted],gonewild,0
Very cute titts,gonewild,0
I see your sweet little pussyüòç! I wonder what it tastes like. ,gonewild,0
[removed],gonewild,0
Oh yeah! all of you!,gonewild,0
You definitely won't have this problem very often. Not by what I see.,gonewild,0
No but I'm a YUGE Leafs fan and watched!!,gonewild,0
"Thanks, you too!",gonewild,0
Ill clean ur room for u if i can help out with step 1 ,gonewild,0
"Please, amazing pic",gonewild,0
lol..   well i'm kind of imagining this pepe straddling my face right now...   but i know what your saying..    ;),gonewild,0
[deleted],gonewild,0
Fuuuuuuuu that simp! :drool:,gonewild,0
Fuck yes!!!!!!!! That's hot as fuck!!,gonewild,0
Yummy. What size are they?,gonewild,0
how far does it feel?,gonewild,0
=Awesomeness looking great babe keep that phone busy taking pics,gonewild,0
"It's the squeeze at the end that really gets me, that looks like a lot of fun to do!",gonewild,0
"I would like to schedule one, his loss ",gonewild,0
"No way, I'll have to go sometime!
Love the single piercing",gonewild,0
DAYUM!! That cucumber got violated! In a good way.,gonewild,0
Good lord. That lip bite is killing me! ,gonewild,0
Wowüòª,gonewild,0
I love seeing you filled up like that.,gonewild,0
This thread just keeps getting better and better.,gonewild,0
I look forward to more if it happens :),gonewild,0
Oh! Interesting observation!,gonewild,0
You have a purty mouth... ,gonewild,0
Hello kitty,gonewild,0
[deleted],gonewild,0
Perfection!!!,gonewild,0
"Your sexy, we need a back view",gonewild,0
hot as fuck,gonewild,0
"You need 4 things for a Grand Slam, tsk.",gonewild,0
Delicious,gonewild,0
"I think you very well may just have the best ass on Reddit, in addition to the rest of your body which is amazing

[it seriously had me like](https://www.youtube.com/watch?v=95SYdjRVCR0
)

",gonewild,0
Great view ! Like to do more that look ;),gonewild,0
Certified delicious,gonewild,0
Mmm so hot. Let's play together. ,gonewild,0
Can you help with my laundry?,gonewild,0
[deleted],gonewild,0
The best movie I seen ,gonewild,0
Pre or post toothbrush?,gonewild,0
"Your body is phenomenal, and love the bush! Thanks for sharing :-)",gonewild,0
[deleted],gonewild,0
Damn you're sexy!,gonewild,0
"Love the way your mouth is begging for a hard, hot, cock",gonewild,0
beautiful face!!! ,gonewild,0
Love your bush!,gonewild,0
"God, that was really hot.",gonewild,0
  ,gonewild,0
[deleted],gonewild,0
damn you look good! hot figure! and that smirk on your face is to die for! ;),gonewild,0
You can have my hands and anything else you want,gonewild,0
"Wao, great,",gonewild,0
Your so welcome!,gonewild,0
Just grind? ,gonewild,0
Softer from the inside?,gonewild,0
Not going to argue with you,gonewild,0
Well hello there and happy birthday! ,gonewild,0
more of your glorious ass please!!!!!,gonewild,0
I'd gladly volunteer to help you out,gonewild,0
Oh wow great look! Would you spread ur cheeks for us,gonewild,0
Glitter is the herpes of the craft world. ,gonewild,0
I'll give you two hands.,gonewild,0
You could leave them in my face ,gonewild,0
What dreams are made of,gonewild,0
Wow that body tho üòç,gonewild,0
:D,gonewild,0
 Not much beats this photo,gonewild,0
Thanks for sharing :),gonewild,0
Amazing ,gonewild,0
"holy hell, you are wonderfully sexy!
",gonewild,0
Great tits... ,gonewild,0
Quality ignored. Girl appreciated.,gonewild,0
[deleted],gonewild,0
Sexy asf!! Show More?,gonewild,0
Super,gonewild,0
Only inappropriate if you didn't share with the bar ;),gonewild,0
No pics of you cleaning your room?,gonewild,0
Holy shit. So fucking hot.,gonewild,0
[removed],gonewild,0
"A fit blonde chick in fitness gear being deepthroated by husband, gif would be appreciated!",gonewild,0
Someone needs spanked for showing off,gonewild,0
Okay:)-,gonewild,0
Holy shit your pussy looks so incredibly tight...damn.,gonewild,0
You look so innocent and tight..,gonewild,0
Oh like some Foxy Cleopatra!?,gonewild,0
"&gt; The first rule about r/gonewild18 is TELL EVERYONE ABOUT r/gonewild18.

Man, I wish people would've told me about that sub sooner!",gonewild,0
"Any guy would be lucky to have you, amazing body ;)",gonewild,0
Wowzers. ,gonewild,0
Oh my! You look fun!,gonewild,0
oh,gonewild,0
I'd rather fall asleep inside of you ,gonewild,0
[deleted],gonewild,0
Great... just after taking a bath now I see this... üò∂ü§ó,gonewild,0
[deleted],gonewild,0
"With a mouth like that, you'll get any guy you want.",gonewild,0
I think it will look great in any,gonewild,0
Amazing body thank you for posting can't wait to see more! ,gonewild,0
God damn that's a thing of beauty...,gonewild,0
Wow you look fucking amazing ,gonewild,0
Yummy,gonewild,0
Hot hot hot,gonewild,0
Them buns need a glazing ,gonewild,0
"Sexxy Slut!!,I wanna fuck!",gonewild,0
Sit on my face.,gonewild,0
You're one of the most beautiful woman on reddit. ,gonewild,0
I can't believe you've done this,gonewild,0
Fucking hot,gonewild,0
Gorgeous body baby,gonewild,0
"Nice pics, but does anyone know why sometimes images from imgur.com get displayed on the reddit comments and sometimes they don't?",gonewild,0
I like the patch.  You have a fantastic looking pussy!,gonewild,0
I wouldn't  kick you out of bed for eating crackers,gonewild,0
Have fun....you'll be just fine :),gonewild,0
I want to fuck you bad,gonewild,0
Wow...just wow!,gonewild,0
[deleted],gonewild,0
Nice lips! Yum!,gonewild,0
you're absolutely beautiful! thanks for sharing :),gonewild,0
Stop playing with my dick emotions ,gonewild,0
[deleted],gonewild,0
Still looking Hot in cheap lingerie! Hope He sees this.,gonewild,0
"Wow, I want to (f)uck so bad",gonewild,0
Anything of your incredible body especially that sweet ass,gonewild,0
"Can't see it from this pic.... but, if it makes you feel better about yourself, then absolutely. ",gonewild,0
[removed],gonewild,0
[deleted],gonewild,0
Absolutely fucking perfect. ,gonewild,0
You look great,gonewild,0
I have the same suction cup dildo! It's SO great isn't it? You're really sexy by the way! :),gonewild,0
Don't have to ask me twice. Let's wrap those tits around my cock. ,gonewild,0
( . )( . ) &lt;3,gonewild,0
#YES,gonewild,0
[deleted],gonewild,0
"Nonono fuck me
",gonewild,0
Love puffy nipples!!!!!!,gonewild,0
"Makes me wish I was at that lake, you're goddamn stunning! ",gonewild,0
That body and user name makes me want to science the shit out of you...  I love it lol.,gonewild,0
That's a great looking ass. Spankalicious ,gonewild,0
"I'd like to use you in your panties, is that the same?",gonewild,0
Total awesomeness!,gonewild,0
Absofreakinlutely ,gonewild,0
Oh I definitely missed ya! Welcome back(:,gonewild,0
[deleted],gonewild,0
I'd love to spend a lazy afternoon lounging around with you,gonewild,0
"Nice,",gonewild,0
"very good girl, deserves a gem",gonewild,0
Sexy.  Love the panties,gonewild,0
"I will, please more",gonewild,0
dat hourglass.,gonewild,0
That would be fun.  :3,gonewild,0
Wow I can't resist that sweet look...you have got me long and hard...,gonewild,0
I didn't know that I did before I saw this picture!,gonewild,0
That's a Cubs shirt!,gonewild,0
Sweet gorgeous perfection,gonewild,0
Looking good. ,gonewild,0
Wow... you are hot as hell! The pure sight of your tits makes my pants explode! Gorgeous!!!!,gonewild,0
I'll comment on your gorgeous behind all day long then ;),gonewild,0
Simply perfect!,gonewild,0
"My tongue doesn't *need* guidance, but it's still nice to have in the dark...",gonewild,0
Squats and deadlifts and hip thrusts. My ass is my strongest muscles!,gonewild,0
I'm definitely a fan,gonewild,0
JUST came.,gonewild,0
Wow. Just... stunning ,gonewild,0
me please :p,gonewild,0
Gota love Mrs.Gault. just wish it was longer...,gonewild,0
Crikey that's bonza,gonewild,0
I really want to eat that ,gonewild,0
jump on ;),gonewild,0
More please!,gonewild,0
Fatty??,gonewild,0
Fffffffffuck ,gonewild,0
Sexy in and out of your clothes,gonewild,0
"I'm unsure how flattering this will sound coming out, but you've got the kind of body warlords in the early days of civilization would demand whenever they conquered a nation. ""Bring me Amadani, the great beauty!"" the Khans would say. ",gonewild,0
[deleted],gonewild,0
social experiment. But i need someone to star in it,gonewild,0
those are some grade a tits,gonewild,0
Indeed,gonewild,0
[deleted],gonewild,0
[deleted],gonewild,0
"Love those sexy panties, they show off your perfect ass and pussy perfectly ;)",gonewild,0
That is lovely and deserves a round of applause!,gonewild,0
Is that a rhetorical question?,gonewild,0
Mommy looks good !,gonewild,0
Damn sexy! Id love to taste that gorgeous pussy.,gonewild,0
Impressive. And yet so sexy ,gonewild,0
[deleted],gonewild,0
Beautiful tight body ,gonewild,0
Really pretty fucking amazing,gonewild,0
I would love one :) I've never actually gotten a tribute ,gonewild,0
You look great either way :) ,gonewild,0
"I believe the movie line that best fits is ""My God, it's full of stars.""",gonewild,0
Can't get much better than that. Beautiful,gonewild,0
I want to pull on those pig tails while I fuck you up your sexy ass,gonewild,0
Perfect pussy lips,gonewild,0
hey beauty :),gonewild,0
[deleted],gonewild,0
You look like you'd be a good little girl for me.,gonewild,0
Tease please,gonewild,0
"Well Miss Jesica, I Will need to asses the back as well in order to form a complete judgement..",gonewild,0
So. Insanely. Hot. ,gonewild,0
Lol no I haven't. But thank you xo,gonewild,0
Hot hot please keep posting üçÜüí•üçÜ,gonewild,0
[deleted],gonewild,0
[deleted],gonewild,0
You body is incredible! You need to do a photo shoot to celebrate brady's return next week. ,gonewild,0
Hot as fuck,gonewild,0
r/braceyourselfforsexiness maybe?,gonewild,0
"Amazing body, I love your pussy",gonewild,0
Drive a nice car and look younger than you really are - that's what works for me.,gonewild,0
Haha thanks! ,gonewild,0
"Pretty hot, but such a short vid.

Translation: More please.",gonewild,0
Love that sexy ass ;),gonewild,0
[deleted],gonewild,0
Uhh... fuck yeah? :),gonewild,0
I think I want to see what's under those panties,gonewild,0
wow r those real?,gonewild,0
I'm into that ass. Looking forward to more of it (and you!).,gonewild,0
I would make a meal of you,gonewild,0
That cucumber is definitely a pickle now.,gonewild,0
"Yes, the answer is always yes ;)",gonewild,0
"OMFG those nipples are out of this world, I could play with those for hours xx 

This is an outstanding post, your ass looks amazing üòÜ",gonewild,0
"Perfection, nice ",gonewild,0
Hot damn!!  I'm hard!!,gonewild,0
[deleted],gonewild,0
"Holy Shit.

... This is life-changing.",gonewild,0
I can't wait for your next post! ;),gonewild,0
Not a chance ,gonewild,0
Wow what a sight to wake up to this morning! You are absolutely stunning... thank you,gonewild,0
"Happy birthday, birthday buddy! You were born on my 18th birthday... and now I feel like a total creep. ",gonewild,0
"Whoever told you that, listen to tyen again.",gonewild,0
Outstanding. Thank you. ,gonewild,0
Glad you're ok xx,gonewild,0
Beautiful :),gonewild,0
"You certainly would not want to show up the twenty somethings, that would dream of looking so good, gorgeous lady! ",gonewild,0
"Nope. The smaller the band, the bigger the cup has to be to compensate the same size boob. If I was a 38 band I'd be a D. I'm a 30 band.",gonewild,0
"Yes, please.",gonewild,0
You look delicious,gonewild,0
"Everyone is sick of seeing this exact same cock pic, loser",gonewild,0
To each Thier own I always say :),gonewild,0
Fuck that's sexy,gonewild,0
Yes please. Can I taste it?,gonewild,0
"Jesus, this is probably an odd compliment, but your tongue got me hard instantly. Your mouth is perfect.",gonewild,0
Gorgeous,gonewild,0
Verified!  Your flair should update in a few minutes.  Please leave this ^post ^^up!,gonewild,0
i would love to! you're sexy!,gonewild,0
Perky and big? Your boobs are just amazing *cry*,gonewild,0
[removed],gonewild,0
"Wow, nice tits. ",gonewild,0
Love to see more!,gonewild,0
[deleted],gonewild,0
Made my heart skip a beat.  Beautiful.,gonewild,0
"She's the super car of women's 

Wish she was my woman

üòçüòçüòç",gonewild,0
[removed],gonewild,0
You deserved it.,gonewild,0
"Mmm what a sexy ass, I hope you can be persuaded to post that video... ;)",gonewild,0
Leave your pussy swollen ,gonewild,0
They are a great size and shape,gonewild,0
You should celebrate very day. ü§ì,gonewild,0
What a body! Wish we could use that hotel room properly. ,gonewild,0
[deleted],gonewild,0
My dream girl!,gonewild,0
Oh snap,gonewild,0
Beautiful. Love the bush too.  ,gonewild,0
Would always hold you by the throat while we fucked,gonewild,0
"Hi - mod here - this was auto spam filtered because it was posted before and you do not have the ~verified~ flair.  Please do a verification post to help confirm this is you.

Directions: http://www.reddit.com/r/gonewild/wiki/faq#wiki_verification   

Nudetorial (w/ pictures!): http://redd.it/1r93ig ",gonewild,0
"Wow.Gorgeous body.Those tits are awesome.I LUV your skin tone too.
Come work for me and you can wear any necklace you wish, and nothing else.",gonewild,0
Depends on the weather. Or was that more of a rhetorical question? I can never tell.,gonewild,0
thanks! :),gonewild,0
You should defiantly invest in a butt plug  ,gonewild,0
[deleted],gonewild,0
No fail here whatsoever,gonewild,0
"Yes, I do believe I would enjoy more of this.",gonewild,0
"Yes it is, but it's what's on the inside that shines here üòã",gonewild,0
is that your phone number?,gonewild,0
You can find ready and willing tits on /r/TributeMe ,gonewild,0
Sexy body!,gonewild,0
https://eroshare.com/izlx6exh,gonewild,0
"Good girl
",gonewild,0
[deleted],gonewild,0
Dead link.  :-(,gonewild,0
holy hell. are those real?,gonewild,0
[deleted],gonewild,0
There is now. Enjoy!,gonewild,0
"I would love too, any time any way!",gonewild,0
[deleted],gonewild,0
that's hot.,gonewild,0
"Love the post, but if you wake him up the right way, I'm sure he will be happy about it!",gonewild,0
"Now I can dream, you are amazing ",gonewild,0
That is a fact. Mine would be deep in there ,gonewild,0
"Don't listen to this guy. He doesn't know what he's talking about.

",gonewild,0
I'd mmm only here to enjoy and I enjoy you immensely ,gonewild,0
Nothing seems to be working out just fine,gonewild,0
[removed],gonewild,0
Oh wow killer body! Need to see more please,gonewild,0
OH MY GOD,gonewild,0
[removed],gonewild,0
"Front and center 6'4"" M/21/SoCal/muscular/lil brown and ready",gonewild,0
Beautiful. ,gonewild,0
You. Are. Perfect,gonewild,0
Perfect body,gonewild,0
"You would probably love me, playing with boobs and nipples is my favorite past time! Though with you it might be sexual torture ;)",gonewild,0
That's how I'd like to start my Sunday..,gonewild,0
Those panties are so sexy on you.  Would love to see more of them.  Maybe a front view or a spread view.  Pregnant is very sexy,gonewild,0
[removed],gonewild,0
[deleted],gonewild,0
[deleted],gonewild,0
[deleted],gonewild,0
I would love to feel it pulsing around my shaft.,gonewild,0
Yay for the new üì±!,gonewild,0
[deleted],gonewild,0
[removed],gonewild,0
That picture's so clear it could be in a biology book,gonewild,0
[removed],gonewild,0
[removed],gonewild,0
Well my cock certainly thinks so! Goddamn!,gonewild,0
Aw thanks :),gonewild,0
"Oiled, spread and anticipatory. Slurp. ;)",gonewild,0
[deleted],gonewild,0
Wonderful! Great smile. Beautiful figure,gonewild,0
I have been hoping you'd post this as a video for so long now. Thank you so much! &lt;3 so hot,gonewild,0
Only if I can bury my face in your backside. ,gonewild,0
I love it !,gonewild,0
"Wao, super sexy",gonewild,0
Very beautiful body!,gonewild,0
"Take off or keep on whatever you want, but always leave thigh-highs and heels!",gonewild,0
Need some help with your current task? Happy to lend a hand/mouth/cock ;),gonewild,0
You look absolutely fantastic. Looks like everyone's in the position they need to be in.,gonewild,0
"&gt; For dating, 1-on-1, soulmates, friends, and hook-ups please go to /r/r4r.

This sub is for exhibitionism, not hook-ups.  City mentions lead to reports/spam filtering",gonewild,0
Oh my! üòç,gonewild,0
Damn this pics are hot. Love the nipple piercing,gonewild,0
Same perfect ass,gonewild,0
"its actually a bite mark

i bruise very easily so even light biting makes for some impressive reminders ;)",gonewild,0
Dont Send u r ass on reedit !!,gonewild,0
"I'd love to feel you on a Saturday, or any other day for that matter",gonewild,0
Stunning,gonewild,0
You've got me drooling...,gonewild,0
"Chillin' out, maxin, relaxin' all cool and shootin' some b ball outsida school...",gonewild,0
I think you're right,gonewild,0
My boys are doing to the chiefs what I'd like to do to you.,gonewild,0
"That is one very nice looking pussy. And I've seen a lot of pussies, I'm pretty much what you would call a pussy expert",gonewild,0
Lovely rack,gonewild,0
"By all means, c'mon over to /r/gonewild18 for more birthday wishes!",gonewild,0
That looks awesome. I'd lick on it,gonewild,0
So much yes! Very sexy! ,gonewild,0
[removed],gonewild,0
[deleted],gonewild,0
[deleted],gonewild,0
Very beautiful,gonewild,0
May the best team win!  Cheers! ,gonewild,0
Thanks!:),gonewild,0
"Love those nipples, other nipples should be envious of those nipples ",gonewild,0
I'd love to - you're just my type,gonewild,0
"Blue is my favorite color, you are amazing",gonewild,0
"I would lick your pussy and those feet... oh my god, I would love to suck your toes and massage your feet!",gonewild,0
Has anyone been asking to see your boobs? I'd love to!,gonewild,0
Tell me about it.,gonewild,0
[deleted],gonewild,0
"You could share that everyday, it won't ever get old &lt;3",gonewild,0
You're wish is my command ,gonewild,0
I'd love to.,gonewild,0
r/datbuttfromthefront,gonewild,0
Would you like to be big spoon or little spoon? :P,gonewild,0
"I definitely considered using them in a joke costume this year, I was thinking like a slutty hippy girl, maybe give whoever sees them a bit of a surprise!",gonewild,0
[removed],gonewild,0
Fucking gorgeous,gonewild,0
Perfect mom tits. 10/10.  Would jerk to again,gonewild,0
"Super sexy,",gonewild,0
Your socks rock!,gonewild,0
A gorgeous lady with a body like yours definitely should never be alone. ,gonewild,0
[removed],gonewild,0
Love the boobies.,gonewild,0
Flatterer üòò,gonewild,0
thanks,gonewild,0
Thank you :) :) ,gonewild,0
im hard now :),gonewild,0
I've got something a bit bigger that I think you would love to have in there...,gonewild,0
"Beautiful body, hope you plan on showing more üòâ",gonewild,0
I also happen to like you naked too,gonewild,0
Damn sexy. Let me replace that dildo with my cock ,gonewild,0
thanks,gonewild,0
I can help you with that. ,gonewild,0
Hope you pass your test! ,gonewild,0
That is one meaty pussy.,gonewild,0
[removed],gonewild,0
yum,gonewild,0
"Nope! All you really need in life is a big freaking sword to slay your enemies. That is the surest way to becoming the most legendary swordsman, or swordswomen, in all the lands. Eventually, a king or duke will give you a sizable tract of land to place your castle on, and after that is built, you can then hold the swankiest feasts in the kingdom. You've obviously given this a lot of thought.",gonewild,0
Shame. Wonder what I can do to get it up again,gonewild,0
"YES, perfect little titties ",gonewild,0
[deleted],gonewild,0
"moar moar moar please 

you melted my heart 

you are a goddess 

=-) ",gonewild,0
Banging album!,gonewild,0
Your body is perfect!,gonewild,0
bored? lets have some fun together...,gonewild,0
Beautiful body. Lovely simp. ,gonewild,0
what he said  ,gonewild,0
What I'd give to give you a good duckingüòâ,gonewild,0
This video right here is why we should thank Al Gore for inventing the internet. Absolutely insanely sexy. ,gonewild,0
Well thats too bad.  Sexy pic!,gonewild,0
Just simply a beautiful body. Thank you for sharing.,gonewild,0
"I would love to play with them, til you beg me for something else üòä",gonewild,0
Now I don't feel like doing homework either!,gonewild,0
Oh love that angle keep them cumin....,gonewild,0
Of course you may. :),gonewild,0
Ugh sorry they're all backwards! I'm in the dark :( it's late here.,gonewild,0
Begging to oblige!!,gonewild,0
Be gentle? Maybe that's howd i would start off but it wouldnt end gentle. ,gonewild,0
[removed],gonewild,0
[deleted],gonewild,0
I got some Popsicles and pudding.,gonewild,0
"Thanks for lettin' us get a *Pikachu*. Maybe if you keep rubbing you'll *Squirtle* little. Can't see your face, but as for your body I'll *Raichu* 10 out of 10. I mean damn, where did you get such a *Paras*-exy tits like that? It's really fun to og-*Golem*. I want to put them my *Meowth*.  
  
There's a *Lickitung* pun in there somewhere, too but I couldn't figure it out.",gonewild,0
Oh my....perfect ,gonewild,0
[deleted],gonewild,0
Absolutely wonderful ;),gonewild,0
Oh please don't make me wait that long....a girl with a tail is such a turn on. Love a bit of kitten play. Drop me a pm... ;-),gonewild,0
Fantastic ass ;) I'd love spank it hard and pound you from behind all night,gonewild,0
"Four atm, Four atm, some people say that I have 5 because I have an om (‡•ê) in my hands, I mean if my hands get together (like thisüôè) you will be able to see the ‡•ê.",gonewild,0
You will find all of the tributes you seek on /r/TributeMe ,gonewild,0
Once agin the quality if the girls on reddit has just improved. Stunning ,gonewild,0
"Yeah, shaving is for pussies! 
Wait, no, I mean... ah dammit.

I love it. Wish more women realized how prickly little just shaven hairs are. It's like some women want to trick me into thinking they're pre-puberty for some reason",gonewild,0
"Well you went and did the only two things that could have made me more attracted to you, dyed your hair and wore a choker.

My inner teen angst lord is coming out.",gonewild,0
relax you are really sexy,gonewild,0
Your r looks like the Pi symbol. ,gonewild,0
I would love to be balls deep inside you.,gonewild,0
"What I wouldn't give to kiss my way down that amazing body... you'd be squirming, moaning, pulling my hair, gripping the sheets ;)",gonewild,0
I love how beautiful and tasty your lips look the rest is just the icing on the cake. ,gonewild,0
I'll help ease your frustration ,gonewild,0
Of course!,gonewild,0
Hott,gonewild,0
Im wich hole?,gonewild,0
Thanks! They don't usually have an age bracket for me! I'm not going against any 20 somethings!!,gonewild,0
I would love if someone did like a short JOI video in thigh highs and playing with themselves. It's hot being told what to do. Bonus points for being brunette :),gonewild,0
"Happy birthday. Will sure follow ur future posts. If u take requests, i would love to see ur butt-hole :)",gonewild,0
"Hmm, I like the way you think ;)",gonewild,0
You look incredible! You've gotten me rock hard and I'd love to PM youüòò,gonewild,0
"Happy birthday and enjoy your day.  words of advice, live life to the fullest cuz one day your here and next your gone. hatters are always gonna hate. And if you ask me the word hate is over used and people underestimate its power. Your smile could light up a room btw ",gonewild,0
White on white on white. And if you invite me over; white in white. ;),gonewild,0
The answer is yes!,gonewild,0
[deleted],gonewild,0
"Aw, too kind of you to say :)",gonewild,0
Awesome,gonewild,0
;),gonewild,0
"Lick that pussy slow and deep until you were dripping across my lips, tease you right until you're about to climax and then run my tip across your lips until you're begging me to let you finish. ",gonewild,0
[deleted],gonewild,0
Maybe soon ,gonewild,0
[deleted],gonewild,0
"Too fuckin good, my mouth is watering......and my cock is hard",gonewild,0
Extra credit deserved,gonewild,0
you have great boobs.  Love to see more,gonewild,0
Hey there üòç,gonewild,0
Nice.. love the tape... ever use rope?,gonewild,0
Jesus. effing. Christ. :0,gonewild,0
Pretty and tasty!,gonewild,0
And a very happy birthday to you! Can't wait for more!,gonewild,0
[deleted],gonewild,0
If accompanied you we'd wake your parents,gonewild,0
Not trying to be filthy but pregnant woman are incredibly sexy its not a fetish but for real there I is just a glow about it,gonewild,0
